Model,RMSE,MAE
SVD,0.8788910849607333,0.6746317423856972
KNNBasic,0.9123376054245851,0.7010093510926739
